{"cameraMode":{"drawMode":0,"name":"Shaded","section":"Shading Mode"},"sceneLighting":true,"audioPlay":false,"sceneViewState":{"m_AlwaysRefresh":false,"showFog":true,"showSkybox":true,"showFlares":true,"showImageEffects":true,"showParticleSystems":true,"showVisualEffectGraphs":true,"m_FxEnabled":true},"in2DMode":false,"pivot":{"x":-26.744361877441408,"y":-7.196531295776367,"z":-20.923776626586915},"rotation":{"x":0.17364175617694856,"y":-0.8077715635299683,"z":0.2824177145957947,"w":0.48805245757102969},"size":22.578317642211915,"orthographic":false}