{"cameraMode":{"drawMode":0,"name":"Shaded","section":"Shading Mode"},"sceneLighting":true,"audioPlay":false,"sceneViewState":{"m_AlwaysRefresh":false,"showFog":true,"showSkybox":true,"showFlares":true,"showImageEffects":true,"showParticleSystems":true,"showVisualEffectGraphs":true,"m_FxEnabled":true},"in2DMode":false,"pivot":{"x":-8.294050216674805,"y":1.2468585968017579,"z":-13.445703506469727},"rotation":{"x":-0.05913694575428963,"y":0.9178571105003357,"z":-0.36054348945617678,"w":-0.15837696194648744},"size":15.138728141784668,"orthographic":false}